CurrentFilename,NewFilename,Category,Description
unnamed-sign-190.png,,UNCATEGORIZED,NEEDS_DESCRIPTION
unnamed-sign-191.png,,UNCATEGORIZED,NEEDS_DESCRIPTION
unnamed-sign-192.png,,UNCATEGORIZED,NEEDS_DESCRIPTION
unnamed-sign-193.png,,UNCATEGORIZED,NEEDS_DESCRIPTION
unnamed-sign-194.png,,UNCATEGORIZED,NEEDS_DESCRIPTION
unnamed-sign-195.png,,UNCATEGORIZED,NEEDS_DESCRIPTION
unnamed-sign-196.png,,UNCATEGORIZED,NEEDS_DESCRIPTION
unnamed-sign-197.png,,UNCATEGORIZED,NEEDS_DESCRIPTION
unnamed-sign-198.png,,UNCATEGORIZED,NEEDS_DESCRIPTION
unnamed-sign-199.png,,UNCATEGORIZED,NEEDS_DESCRIPTION
unnamed-sign-200.png,,UNCATEGORIZED,NEEDS_DESCRIPTION
unnamed-sign-201.png,,UNCATEGORIZED,NEEDS_DESCRIPTION
unnamed-sign-202.png,,UNCATEGORIZED,NEEDS_DESCRIPTION
unnamed-sign-203.png,,UNCATEGORIZED,NEEDS_DESCRIPTION
unnamed-sign-204.png,,UNCATEGORIZED,NEEDS_DESCRIPTION
unnamed-sign-205.png,,UNCATEGORIZED,NEEDS_DESCRIPTION
unnamed-sign-206.png,,UNCATEGORIZED,NEEDS_DESCRIPTION
unnamed-sign-207.png,,UNCATEGORIZED,NEEDS_DESCRIPTION
unnamed-sign-208.png,,UNCATEGORIZED,NEEDS_DESCRIPTION
unnamed-sign-209.png,,UNCATEGORIZED,NEEDS_DESCRIPTION
unnamed-sign-210.png,,UNCATEGORIZED,NEEDS_DESCRIPTION
unnamed-sign-211.png,,UNCATEGORIZED,NEEDS_DESCRIPTION
unnamed-sign-212.png,,UNCATEGORIZED,NEEDS_DESCRIPTION
unnamed-sign-213.png,,UNCATEGORIZED,NEEDS_DESCRIPTION
unnamed-sign-214.png,,UNCATEGORIZED,NEEDS_DESCRIPTION
unnamed-sign-215.png,,UNCATEGORIZED,NEEDS_DESCRIPTION
unnamed-sign-216.png,,UNCATEGORIZED,NEEDS_DESCRIPTION
unnamed-sign-217.png,,UNCATEGORIZED,NEEDS_DESCRIPTION
unnamed-sign-218.png,,UNCATEGORIZED,NEEDS_DESCRIPTION
unnamed-sign-219.png,,UNCATEGORIZED,NEEDS_DESCRIPTION
unnamed-sign-220.png,,UNCATEGORIZED,NEEDS_DESCRIPTION
unnamed-sign-221.png,,UNCATEGORIZED,NEEDS_DESCRIPTION
unnamed-sign-222.png,,UNCATEGORIZED,NEEDS_DESCRIPTION
unnamed-sign-223.png,,UNCATEGORIZED,NEEDS_DESCRIPTION
unnamed-sign-224.png,,UNCATEGORIZED,NEEDS_DESCRIPTION
unnamed-sign-225.png,,UNCATEGORIZED,NEEDS_DESCRIPTION
unnamed-sign-226.png,,UNCATEGORIZED,NEEDS_DESCRIPTION
unnamed-sign-227.png,,UNCATEGORIZED,NEEDS_DESCRIPTION
unnamed-sign-228.png,,UNCATEGORIZED,NEEDS_DESCRIPTION
unnamed-sign-229.png,,UNCATEGORIZED,NEEDS_DESCRIPTION
unnamed-sign-230.png,,UNCATEGORIZED,NEEDS_DESCRIPTION
unnamed-sign-231.png,,UNCATEGORIZED,NEEDS_DESCRIPTION
unnamed-sign-232.png,,UNCATEGORIZED,NEEDS_DESCRIPTION
unnamed-sign-233.png,,UNCATEGORIZED,NEEDS_DESCRIPTION
unnamed-sign-234.png,,UNCATEGORIZED,NEEDS_DESCRIPTION
unnamed-sign-235.png,,UNCATEGORIZED,NEEDS_DESCRIPTION
unnamed-sign-236.png,,UNCATEGORIZED,NEEDS_DESCRIPTION
unnamed-sign-237.png,,UNCATEGORIZED,NEEDS_DESCRIPTION
unnamed-sign-238.png,,UNCATEGORIZED,NEEDS_DESCRIPTION
unnamed-sign-239.png,,UNCATEGORIZED,NEEDS_DESCRIPTION
unnamed-sign-240.png,,UNCATEGORIZED,NEEDS_DESCRIPTION
unnamed-sign-241.png,,UNCATEGORIZED,NEEDS_DESCRIPTION
unnamed-sign-242.png,,UNCATEGORIZED,NEEDS_DESCRIPTION
unnamed-sign-243.png,,UNCATEGORIZED,NEEDS_DESCRIPTION
unnamed-sign-244.png,,UNCATEGORIZED,NEEDS_DESCRIPTION
unnamed-sign-245.png,,UNCATEGORIZED,NEEDS_DESCRIPTION
unnamed-sign-246.png,,UNCATEGORIZED,NEEDS_DESCRIPTION
unnamed-sign-247.png,,UNCATEGORIZED,NEEDS_DESCRIPTION
unnamed-sign-248.png,,UNCATEGORIZED,NEEDS_DESCRIPTION
unnamed-sign-249.png,,UNCATEGORIZED,NEEDS_DESCRIPTION
unnamed-sign-250.png,,UNCATEGORIZED,NEEDS_DESCRIPTION
unnamed-sign-251.png,,UNCATEGORIZED,NEEDS_DESCRIPTION
unnamed-sign-252.png,,UNCATEGORIZED,NEEDS_DESCRIPTION
unnamed-sign-253.png,,UNCATEGORIZED,NEEDS_DESCRIPTION
unnamed-sign-254.png,,UNCATEGORIZED,NEEDS_DESCRIPTION
unnamed-sign-255.png,,UNCATEGORIZED,NEEDS_DESCRIPTION
unnamed-sign-256.png,,UNCATEGORIZED,NEEDS_DESCRIPTION
unnamed-sign-257.png,,UNCATEGORIZED,NEEDS_DESCRIPTION
unnamed-sign-258.png,,UNCATEGORIZED,NEEDS_DESCRIPTION
unnamed-sign-259.png,,UNCATEGORIZED,NEEDS_DESCRIPTION
unnamed-sign-260.png,,UNCATEGORIZED,NEEDS_DESCRIPTION
unnamed-sign-261.png,,UNCATEGORIZED,NEEDS_DESCRIPTION
unnamed-sign-262.png,,UNCATEGORIZED,NEEDS_DESCRIPTION
unnamed-sign-263.png,,UNCATEGORIZED,NEEDS_DESCRIPTION
unnamed-sign-264.png,,UNCATEGORIZED,NEEDS_DESCRIPTION
unnamed-sign-265.png,,UNCATEGORIZED,NEEDS_DESCRIPTION
unnamed-sign-266.png,,UNCATEGORIZED,NEEDS_DESCRIPTION
unnamed-sign-267.png,,UNCATEGORIZED,NEEDS_DESCRIPTION
unnamed-sign-268.png,,UNCATEGORIZED,NEEDS_DESCRIPTION
unnamed-sign-269.png,,UNCATEGORIZED,NEEDS_DESCRIPTION
unnamed-sign-270.png,,UNCATEGORIZED,NEEDS_DESCRIPTION
unnamed-sign-271.png,,UNCATEGORIZED,NEEDS_DESCRIPTION
unnamed-sign-272.png,,UNCATEGORIZED,NEEDS_DESCRIPTION
unnamed-sign-273.png,,UNCATEGORIZED,NEEDS_DESCRIPTION
unnamed-sign-274.png,,UNCATEGORIZED,NEEDS_DESCRIPTION
unnamed-sign-275.png,,UNCATEGORIZED,NEEDS_DESCRIPTION
unnamed-sign-276.png,,UNCATEGORIZED,NEEDS_DESCRIPTION
unnamed-sign-277.png,,UNCATEGORIZED,NEEDS_DESCRIPTION
unnamed-sign-278.png,,UNCATEGORIZED,NEEDS_DESCRIPTION
unnamed-sign-279.png,,UNCATEGORIZED,NEEDS_DESCRIPTION
unnamed-sign-280.png,,UNCATEGORIZED,NEEDS_DESCRIPTION
unnamed-sign-281.png,,UNCATEGORIZED,NEEDS_DESCRIPTION
unnamed-sign-282.png,,UNCATEGORIZED,NEEDS_DESCRIPTION
unnamed-sign-283.png,,UNCATEGORIZED,NEEDS_DESCRIPTION
unnamed-sign-284.png,,UNCATEGORIZED,NEEDS_DESCRIPTION
unnamed-sign-285.png,,UNCATEGORIZED,NEEDS_DESCRIPTION
unnamed-sign-286.png,,UNCATEGORIZED,NEEDS_DESCRIPTION
unnamed-sign-287.png,,UNCATEGORIZED,NEEDS_DESCRIPTION
unnamed-sign-288.png,,UNCATEGORIZED,NEEDS_DESCRIPTION
unnamed-sign-289.png,,UNCATEGORIZED,NEEDS_DESCRIPTION
unnamed-sign-290.png,,UNCATEGORIZED,NEEDS_DESCRIPTION
unnamed-sign-291.png,,UNCATEGORIZED,NEEDS_DESCRIPTION
unnamed-sign-292.png,,UNCATEGORIZED,NEEDS_DESCRIPTION
unnamed-sign-293.png,,UNCATEGORIZED,NEEDS_DESCRIPTION
unnamed-sign-294.png,,UNCATEGORIZED,NEEDS_DESCRIPTION
unnamed-sign-295.png,,UNCATEGORIZED,NEEDS_DESCRIPTION
unnamed-sign-296.png,,UNCATEGORIZED,NEEDS_DESCRIPTION
unnamed-sign-297.png,,UNCATEGORIZED,NEEDS_DESCRIPTION
unnamed-sign-298.png,,UNCATEGORIZED,NEEDS_DESCRIPTION
unnamed-sign-299.png,,UNCATEGORIZED,NEEDS_DESCRIPTION
unnamed-sign-300.png,,UNCATEGORIZED,NEEDS_DESCRIPTION
unnamed-sign-301.png,,UNCATEGORIZED,NEEDS_DESCRIPTION
unnamed-sign-302.png,,UNCATEGORIZED,NEEDS_DESCRIPTION
unnamed-sign-303.png,,UNCATEGORIZED,NEEDS_DESCRIPTION
unnamed-sign-304.png,,UNCATEGORIZED,NEEDS_DESCRIPTION
unnamed-sign-305.png,,UNCATEGORIZED,NEEDS_DESCRIPTION
unnamed-sign-306.png,,UNCATEGORIZED,NEEDS_DESCRIPTION
unnamed-sign-307.png,,UNCATEGORIZED,NEEDS_DESCRIPTION
unnamed-sign-308.png,,UNCATEGORIZED,NEEDS_DESCRIPTION
unnamed-sign-309.png,,UNCATEGORIZED,NEEDS_DESCRIPTION
unnamed-sign-310.png,,UNCATEGORIZED,NEEDS_DESCRIPTION
unnamed-sign-311.png,,UNCATEGORIZED,NEEDS_DESCRIPTION
unnamed-sign-312.png,,UNCATEGORIZED,NEEDS_DESCRIPTION
unnamed-sign-313.png,,UNCATEGORIZED,NEEDS_DESCRIPTION
unnamed-sign-314.png,,UNCATEGORIZED,NEEDS_DESCRIPTION
unnamed-sign-315.png,,UNCATEGORIZED,NEEDS_DESCRIPTION
unnamed-sign-316.png,,UNCATEGORIZED,NEEDS_DESCRIPTION
unnamed-sign-317.png,,UNCATEGORIZED,NEEDS_DESCRIPTION
unnamed-sign-318.png,,UNCATEGORIZED,NEEDS_DESCRIPTION
unnamed-sign-319.png,,UNCATEGORIZED,NEEDS_DESCRIPTION
unnamed-sign-320.png,,UNCATEGORIZED,NEEDS_DESCRIPTION
unnamed-sign-321.png,,UNCATEGORIZED,NEEDS_DESCRIPTION
unnamed-sign-322.png,,UNCATEGORIZED,NEEDS_DESCRIPTION
unnamed-sign-323.png,,UNCATEGORIZED,NEEDS_DESCRIPTION
unnamed-sign-324.png,,UNCATEGORIZED,NEEDS_DESCRIPTION
unnamed-sign-325.png,,UNCATEGORIZED,NEEDS_DESCRIPTION
unnamed-sign-326.png,,UNCATEGORIZED,NEEDS_DESCRIPTION
unnamed-sign-327.png,,UNCATEGORIZED,NEEDS_DESCRIPTION
unnamed-sign-328.png,,UNCATEGORIZED,NEEDS_DESCRIPTION
unnamed-sign-329.png,,UNCATEGORIZED,NEEDS_DESCRIPTION
unnamed-sign-330.png,,UNCATEGORIZED,NEEDS_DESCRIPTION
unnamed-sign-331.png,,UNCATEGORIZED,NEEDS_DESCRIPTION
unnamed-sign-332.png,,UNCATEGORIZED,NEEDS_DESCRIPTION
unnamed-sign-333.png,,UNCATEGORIZED,NEEDS_DESCRIPTION
unnamed-sign-334.png,,UNCATEGORIZED,NEEDS_DESCRIPTION
unnamed-sign-335.png,,UNCATEGORIZED,NEEDS_DESCRIPTION
unnamed-sign-336.png,,UNCATEGORIZED,NEEDS_DESCRIPTION
unnamed-sign-337.png,,UNCATEGORIZED,NEEDS_DESCRIPTION
unnamed-sign-338.png,,UNCATEGORIZED,NEEDS_DESCRIPTION
unnamed-sign-339.png,,UNCATEGORIZED,NEEDS_DESCRIPTION
unnamed-sign-340.png,,UNCATEGORIZED,NEEDS_DESCRIPTION
unnamed-sign-341.png,,UNCATEGORIZED,NEEDS_DESCRIPTION
unnamed-sign-342.png,,UNCATEGORIZED,NEEDS_DESCRIPTION
unnamed-sign-343.png,,UNCATEGORIZED,NEEDS_DESCRIPTION
unnamed-sign-344.png,,UNCATEGORIZED,NEEDS_DESCRIPTION
unnamed-sign-345.png,,UNCATEGORIZED,NEEDS_DESCRIPTION
unnamed-sign-346.png,,UNCATEGORIZED,NEEDS_DESCRIPTION
unnamed-sign-347.png,,UNCATEGORIZED,NEEDS_DESCRIPTION
unnamed-sign-348.png,,UNCATEGORIZED,NEEDS_DESCRIPTION
unnamed-sign-349.png,,UNCATEGORIZED,NEEDS_DESCRIPTION
unnamed-sign-350.png,,UNCATEGORIZED,NEEDS_DESCRIPTION
unnamed-sign-351.png,,UNCATEGORIZED,NEEDS_DESCRIPTION
unnamed-sign-352.png,,UNCATEGORIZED,NEEDS_DESCRIPTION
unnamed-sign-353.png,,UNCATEGORIZED,NEEDS_DESCRIPTION
unnamed-sign-354.png,,UNCATEGORIZED,NEEDS_DESCRIPTION
unnamed-sign-355.png,,UNCATEGORIZED,NEEDS_DESCRIPTION
unnamed-sign-356.png,,UNCATEGORIZED,NEEDS_DESCRIPTION
unnamed-sign-357.png,,UNCATEGORIZED,NEEDS_DESCRIPTION
unnamed-sign-358.png,,UNCATEGORIZED,NEEDS_DESCRIPTION
unnamed-sign-359.png,,UNCATEGORIZED,NEEDS_DESCRIPTION
unnamed-sign-360.png,,UNCATEGORIZED,NEEDS_DESCRIPTION
unnamed-sign-361.png,,UNCATEGORIZED,NEEDS_DESCRIPTION
unnamed-sign-362.png,,UNCATEGORIZED,NEEDS_DESCRIPTION
unnamed-sign-363.png,,UNCATEGORIZED,NEEDS_DESCRIPTION
unnamed-sign-364.png,,UNCATEGORIZED,NEEDS_DESCRIPTION
unnamed-sign-365.png,,UNCATEGORIZED,NEEDS_DESCRIPTION
unnamed-sign-366.png,,UNCATEGORIZED,NEEDS_DESCRIPTION
unnamed-sign-367.png,,UNCATEGORIZED,NEEDS_DESCRIPTION
unnamed-sign-368.png,,UNCATEGORIZED,NEEDS_DESCRIPTION
unnamed-sign-369.png,,UNCATEGORIZED,NEEDS_DESCRIPTION
unnamed-sign-370.png,,UNCATEGORIZED,NEEDS_DESCRIPTION
unnamed-sign-371.png,,UNCATEGORIZED,NEEDS_DESCRIPTION
unnamed-sign-372.png,,UNCATEGORIZED,NEEDS_DESCRIPTION
unnamed-sign-373.png,,UNCATEGORIZED,NEEDS_DESCRIPTION
unnamed-sign-374.png,,UNCATEGORIZED,NEEDS_DESCRIPTION
unnamed-sign-375.png,,UNCATEGORIZED,NEEDS_DESCRIPTION
unnamed-sign-376.png,,UNCATEGORIZED,NEEDS_DESCRIPTION
unnamed-sign-377.png,,UNCATEGORIZED,NEEDS_DESCRIPTION
unnamed-sign-378.png,,UNCATEGORIZED,NEEDS_DESCRIPTION
unnamed-sign-379.png,,UNCATEGORIZED,NEEDS_DESCRIPTION
unnamed-sign-380.png,,UNCATEGORIZED,NEEDS_DESCRIPTION
unnamed-sign-381.png,,UNCATEGORIZED,NEEDS_DESCRIPTION
unnamed-sign-382.png,,UNCATEGORIZED,NEEDS_DESCRIPTION
unnamed-sign-383.png,,UNCATEGORIZED,NEEDS_DESCRIPTION
unnamed-sign-384.png,,UNCATEGORIZED,NEEDS_DESCRIPTION
unnamed-sign-385.png,,UNCATEGORIZED,NEEDS_DESCRIPTION
unnamed-sign-386.png,,UNCATEGORIZED,NEEDS_DESCRIPTION
unnamed-sign-387.png,,UNCATEGORIZED,NEEDS_DESCRIPTION
unnamed-sign-388.png,,UNCATEGORIZED,NEEDS_DESCRIPTION
unnamed-sign-389.png,,UNCATEGORIZED,NEEDS_DESCRIPTION
unnamed-sign-390.png,,UNCATEGORIZED,NEEDS_DESCRIPTION
unnamed-sign-391.png,,UNCATEGORIZED,NEEDS_DESCRIPTION
unnamed-sign-392.png,,UNCATEGORIZED,NEEDS_DESCRIPTION
unnamed-sign-393.png,,UNCATEGORIZED,NEEDS_DESCRIPTION
unnamed-sign-394.png,,UNCATEGORIZED,NEEDS_DESCRIPTION
unnamed-sign-395.png,,UNCATEGORIZED,NEEDS_DESCRIPTION
unnamed-sign-396.png,,UNCATEGORIZED,NEEDS_DESCRIPTION
unnamed-sign-397.png,,UNCATEGORIZED,NEEDS_DESCRIPTION
unnamed-sign-398.png,,UNCATEGORIZED,NEEDS_DESCRIPTION
unnamed-sign-399.png,,UNCATEGORIZED,NEEDS_DESCRIPTION
unnamed-sign-400.png,,UNCATEGORIZED,NEEDS_DESCRIPTION
unnamed-sign-401.png,,UNCATEGORIZED,NEEDS_DESCRIPTION
unnamed-sign-402.png,,UNCATEGORIZED,NEEDS_DESCRIPTION
unnamed-sign-403.png,,UNCATEGORIZED,NEEDS_DESCRIPTION
unnamed-sign-404.png,,UNCATEGORIZED,NEEDS_DESCRIPTION
unnamed-sign-405.png,,UNCATEGORIZED,NEEDS_DESCRIPTION
unnamed-sign-406.png,,UNCATEGORIZED,NEEDS_DESCRIPTION
unnamed-sign-407.png,,UNCATEGORIZED,NEEDS_DESCRIPTION
unnamed-sign-408.png,,UNCATEGORIZED,NEEDS_DESCRIPTION
unnamed-sign-409.png,,UNCATEGORIZED,NEEDS_DESCRIPTION
unnamed-sign-410.png,,UNCATEGORIZED,NEEDS_DESCRIPTION
unnamed-sign-411.png,,UNCATEGORIZED,NEEDS_DESCRIPTION
unnamed-sign-412.png,,UNCATEGORIZED,NEEDS_DESCRIPTION
unnamed-sign-413.png,,UNCATEGORIZED,NEEDS_DESCRIPTION
unnamed-sign-414.png,,UNCATEGORIZED,NEEDS_DESCRIPTION
unnamed-sign-415.png,,UNCATEGORIZED,NEEDS_DESCRIPTION
unnamed-sign-416.png,,UNCATEGORIZED,NEEDS_DESCRIPTION
unnamed-sign-417.png,,UNCATEGORIZED,NEEDS_DESCRIPTION
unnamed-sign-418.png,,UNCATEGORIZED,NEEDS_DESCRIPTION
unnamed-sign-419.png,,UNCATEGORIZED,NEEDS_DESCRIPTION
unnamed-sign-420.png,,UNCATEGORIZED,NEEDS_DESCRIPTION
